,2021,,,,,2022,,,,
,Records,Done,% done,Within time,% within time,Records,Done,% done,Within time,% within time
All records,,,,,,528,339,64.20%,52,9.85%
,,,,,,435,220,50.57%,0,0%
,,,,,,856,561,65.54%,429,50.12%
,,,,,,333,80,24.02%,0,0%
,,,,,,14,0,0%,0,0%
,,,,,,36,0,0%,0,0%
,,,,,,225,103,45.78%,0,0%
,,,,,,181,106,58.56%,51,28.18%
,,,,,,2877,1937,67.33%,0,0%
,,,,,,70,67,95.71%,7,10%
,600,520,86.67%,286,47.67%,,,,,
,,,,,,160,128,80%,92,57.50%
,,,,,,221,188,85.07%,135,61.09%
,,,,,,169,150,88.76%,108,63.91%
,,,,,,136,115,84.56%,78,57.35%
,,,,,,605,522,86.28%,386,63.80%
,,,,,,207,185,89.37%,153,73.91%
,,,,,,147,130,88.44%,84,57.14%
,,,,,,210,129,61.43%,86,40.95%
,,,,,,427,320,74.94%,237,55.50%
,,,,,,281,202,71.89%,157,55.87%
,,,,,,193,143,74.09%,84,43.52%
,,,,,,206,138,66.99%,107,51.94%
,,,,,,303,209,68.98%,169,55.78%
,,,,,,235,205,87.23%,131,55.74%
,,,,,,204,136,66.67%,101,49.51%
,,,,,,490,310,63.27%,279,56.94%
,,,,,,126,58,46.03%,26,20.63%
,,,,,,179,91,50.84%,50,27.93%
,,,,,,130,61,46.92%,12,9.23%
,,,,,,328,248,75.61%,172,52.44%
,,,,,,147,126,85.71%,90,61.22%
,,,,,,132,105,79.55%,48,36.36%
,,,,,,67,57,85.07%,29,43.28%
,,,,,,88,67,76.14%,55,62.50%
,,,,,,275,228,82.91%,170,61.82%
,,,,,,1803,1650,91.51%,683,37.88%
,,,,,,837,690,82.44%,597,71.33%
,,,,,,876,726,82.88%,640,73.06%
,,,,,,364,302,82.97%,274,75.27%
,,,,,,148,129,87.16%,111,75%
,,,,,,253,203,80.24%,135,53.36%
,,,,,,331,265,80.06%,142,42.90%
,,,,,,52,40,76.92%,23,44.23%
,,,,,,121,86,71.07%,55,45.45%
,,,,,,211,156,73.93%,120,56.87%
,,,,,,86,69,80.23%,51,59.30%
,,,,,,309,272,88.03%,179,57.93%
,,,,,,580,556,95.86%,474,81.72%
,,,,,,70,59,84.29%,48,68.57%
,,,,,,301,260,86.38%,178,59.14%
,,,,,,12,12,100%,1,8.33%
,,,,,,210,168,80%,54,25.71%
,,,,,,18,0,0%,0,0%
,,,,,,109,44,40.37%,6,5.50%
,,,,,,777,544,70.01%,0,0%
,,,,,,4,3,75%,2,50%
,,,,,,583,8,1.37%,0,0%
,669,561,83.86%,314,46.94%,,,,,
,209,111,53.11%,107,51.20%,5,5,100%,5,100%
,,,,,,48,48,100%,11,22.92%
,,,,,,42,4,9.52%,3,7.14%
,,,,,,593,339,57.17%,55,9.27%
,,,,,,26,10,38.46%,8,30.77%
,,,,,,11,8,72.73%,6,54.55%
,,,,,,38,29,76.32%,1,2.63%
,,,,,,44,10,22.73%,0,0%
,330,234,70.91%,101,30.61%,,,,,
,330,234,70.91%,101,30.61%,,,,,
,330,234,70.91%,101,30.61%,,,,,
,330,234,70.91%,101,30.61%,,,,,
,330,234,70.91%,101,30.61%,,,,,
,330,234,70.91%,101,30.61%,,,,,
,330,234,70.91%,101,30.61%,,,,,
,330,234,70.91%,101,30.61%,,,,,
,330,234,70.91%,101,30.61%,,,,,
,330,234,70.91%,101,30.61%,,,,,
,330,234,70.91%,101,30.61%,,,,,
,330,234,70.91%,101,30.61%,,,,,
,330,234,70.91%,101,30.61%,,,,,
,330,234,70.91%,101,30.61%,,,,,
,330,234,70.91%,101,30.61%,,,,,
,330,234,70.91%,101,30.61%,,,,,
,330,234,70.91%,101,30.61%,,,,,
,330,234,70.91%,101,30.61%,,,,,
,330,234,70.91%,101,30.61%,,,,,
,330,234,70.91%,101,30.61%,,,,,
,330,234,70.91%,101,30.61%,,,,,
,330,234,70.91%,101,30.61%,,,,,
,330,234,70.91%,101,30.61%,,,,,
,,,,,,137,42,30.66%,0,0%
,330,234,70.91%,101,30.61%,,,,,
,330,234,70.91%,101,30.61%,,,,,
,330,234,70.91%,101,30.61%,,,,,
,330,234,70.91%,101,30.61%,,,,,
,330,234,70.91%,101,30.61%,,,,,
,330,234,70.91%,101,30.61%,,,,,
,330,234,70.91%,101,30.61%,,,,,
,330,234,70.91%,101,30.61%,,,,,
,330,234,70.91%,101,30.61%,,,,,
,330,234,70.91%,101,30.61%,,,,,
,330,234,70.91%,101,30.61%,,,,,
,330,234,70.91%,101,30.61%,,,,,
,330,234,70.91%,101,30.61%,,,,,
,145,95,65.52%,15,10.34%,,,,,
,74,66,89.19%,44,59.46%,,,,,
,,,,,,173,68,39.31%,0,0%
,,,,,,38,37,97.37%,0,0%
,,,,,,474,292,61.60%,65,13.71%
,,,,,,346,92,26.59%,0,0%
,,,,,,48,48,100%,11,22.92%
,,,,,,401,233,58.10%,0,0%
,,,,,,429,387,90.21%,304,70.86%
,,,,,,44,30,68.18%,0,0%
,,,,,,182,157,86.26%,98,53.85%
,,,,,,48,48,100%,12,25%
,,,,,,48,48,100%,11,22.92%
,,,,,,3457,1840,53.23%,0,0%
,,,,,,1905,1097,57.59%,0,0%
,330,233,70.61%,100,30.30%,,,,,
,330,234,70.91%,101,30.61%,,,,,
,,,,,,222,203,91.44%,0,0%
,,,,,,223,206,92.38%,0,0%
,330,234,70.91%,101,30.61%,,,,,
,330,234,70.91%,101,30.61%,,,,,
,330,234,70.91%,101,30.61%,,,,,
,,,,,,223,206,92.38%,0,0%
,330,234,70.91%,101,30.61%,,,,,
,,,,,,498,274,55.02%,0,0%
,,,,,,182,175,96.15%,9,4.95%
,,,,,,997,98,9.83%,0,0%
,,,,,,117,83,70.94%,0,0%
,,,,,,1648,691,41.93%,0,0%
,,,,,,1645,501,30.46%,0,0%
,,,,,,466,296,63.52%,0,0%
,,,,,,285,112,39.30%,56,19.65%
,,,,,,92,12,13.04%,0,0%
,,,,,,1601,1252,78.20%,0,0%
,,,,,,56,1,1.79%,0,0%
,,,,,,228,119,52.19%,4,1.75%
,,,,,,168,90,53.57%,2,1.19%
,,,,,,414,24,5.80%,24,5.80%
,175,69,39.43%,69,39.43%,,,,,
,175,68,38.86%,68,38.86%,,,,,
,,,,,,1290,39,3.02%,0,0%
,,,,,,1290,39,3.02%,0,0%
,,,,,,1290,39,3.02%,0,0%
,,,,,,1290,39,3.02%,0,0%
,,,,,,1773,120,6.77%,0,0%
,,,,,,1773,120,6.77%,0,0%
,,,,,,9,5,55.56%,0,0%
,,,,,,44,22,50%,0,0%
,,,,,,140,2,1.43%,0,0%
,,,,,,961,50,5.20%,0,0%
,,,,,,205,63,30.73%,0,0%
,217,102,47%,0,0%,85,62,72.94%,0,0%
,,,,,,217,198,91.24%,0,0%
,217,102,47%,0,0%,85,62,72.94%,0,0%
,217,102,47%,0,0%,302,260,86.09%,0,0%
,96,75,78.13%,0,0%,67,60,89.55%,0,0%
,128,65,50.78%,0,0%,53,45,84.91%,0,0%
,240,102,42.50%,0,0%,83,55,66.27%,0,0%
,241,118,48.96%,0,0%,96,80,83.33%,0,0%
,281,180,64.06%,0,0%,83,71,85.54%,0,0%
,,,,,,217,198,91.24%,0,0%
,290,163,56.21%,0,0%,165,127,76.97%,0,0%
,425,265,62.35%,0,0%,230,181,78.70%,0,0%
,96,75,78.13%,0,0%,67,60,89.55%,0,0%
,,,,,,217,198,91.24%,0,0%
,,,,,,217,198,91.24%,0,0%
,96,75,78.13%,0,0%,284,259,91.20%,0,0%
,217,102,47%,0,0%,85,62,72.94%,0,0%
,,,,,,40,12,30%,0,0%
,,,,,,40,12,30%,0,0%
,,,,,,160,82,51.25%,0,0%
,,,,,,80,74,92.50%,29,36.25%
,68,68,100%,68,100%,,,,,
,,,,,,364,181,49.73%,36,9.89%
,,,,,,1078,463,42.95%,164,15.21%
,,,,,,366,192,52.46%,112,30.60%
,,,,,,105,97,92.38%,22,20.95%
,,,,,,39,25,64.10%,0,0%
,,,,,,13,8,61.54%,0,0%
,,,,,,7,6,85.71%,0,0%
,,,,,,22,6,27.27%,0,0%
,,,,,,5,3,60%,0,0%
,,,,,,6,3,50%,0,0%
,,,,,,16,7,43.75%,0,0%
,,,,,,45,24,53.33%,0,0%
,,,,,,13,12,92.31%,0,0%
,,,,,,42,32,76.19%,0,0%
,,,,,,42,28,66.67%,0,0%
,,,,,,32,23,71.88%,15,46.88%
,,,,,,33,22,66.67%,13,39.39%
,,,,,,26,19,73.08%,11,42.31%
,,,,,,93,26,27.96%,0,0%
,,,,,,28,21,75%,13,46.43%
,,,,,,40,28,70%,0,0%
,,,,,,93,26,27.96%,0,0%
,41,41,100%,41,100%,,,,,
,,,,,,260,50,19.23%,9,3.46%
,,,,,,387,206,53.23%,38,9.82%
,,,,,,26,9,34.62%,2,7.69%
,342,228,66.67%,214,62.57%,,,,,
,,,,,,191,146,76.44%,123,64.40%
,17755,12857,72.41%,3454,19.45%,,,,,
,,,,,,162,79,48.77%,29,17.90%
,330,234,70.91%,101,30.61%,,,,,
,309,194,62.78%,33,10.68%,,,,,
,26,25,96.15%,25,96.15%,,,,,
,,,,,,189,144,76.19%,120,63.49%
,,,,,,185,158,85.41%,0,0%
,330,234,70.91%,101,30.61%,,,,,
,,,,,,223,206,92.38%,0,0%
,,,,,,264,98,37.12%,26,9.85%
,,,,,,240,116,48.33%,23,9.58%
,,,,,,433,34,7.85%,0,0%
,,,,,,341,159,46.63%,22,6.45%
,,,,,,546,216,39.56%,30,5.49%
,,,,,,323,106,32.82%,23,7.12%
,,,,,,377,143,37.93%,5,1.33%
,,,,,,350,6,1.71%,0,0%
,,,,,,182,110,60.44%,14,7.69%
,,,,,,209,110,52.63%,16,7.66%
,,,,,,184,109,59.24%,15,8.15%
,,,,,,719,226,31.43%,0,0%
,,,,,,308,118,38.31%,34,11.04%
,,,,,,364,181,49.73%,21,5.77%
,,,,,,194,168,86.60%,19,9.79%
,,,,,,455,258,56.70%,41,9.01%
,,,,,,305,152,49.84%,6,1.97%
,,,,,,232,100,43.10%,26,11.21%
,,,,,,182,173,95.05%,19,10.44%
,,,,,,291,147,50.52%,31,10.65%
,,,,,,275,108,39.27%,9,3.27%
,,,,,,92,0,0%,0,0%
,,,,,,437,437,100%,1,0.23%
,,,,,,114,114,100%,114,100%
,,,,,,253,121,47.83%,29,11.46%
,,,,,,326,138,42.33%,12,3.68%
,180,100,55.56%,36,20%,1,1,100%,1,100%
,,,,,,371,163,43.94%,70,18.87%
,,,,,,596,595,99.83%,595,99.83%
,,,,,,322,193,59.94%,57,17.70%
,,,,,,416,195,46.88%,13,3.13%
,,,,,,323,184,56.97%,20,6.19%
,,,,,,175,98,56%,15,8.57%
,18519,12558,67.81%,1683,9.09%,360,318,88.33%,205,56.94%
,,,,,,115,56,48.70%,4,3.48%
,,,,,,194,92,47.42%,19,9.79%
,,,,,,321,149,46.42%,24,7.48%
,,,,,,322,132,40.99%,14,4.35%
,,,,,,406,165,40.64%,19,4.68%
,,,,,,235,99,42.13%,9,3.83%
,,,,,,246,103,41.87%,19,7.72%
,,,,,,613,314,51.22%,55,8.97%
,,,,,,300,142,47.33%,34,11.33%
,,,,,,532,296,55.64%,169,31.77%
,,,,,,546,294,53.85%,79,14.47%
,,,,,,155,90,58.06%,76,49.03%
,,,,,,313,175,55.91%,27,8.63%
,,,,,,331,152,45.92%,39,11.78%
,,,,,,201,94,46.77%,14,6.97%
,,,,,,265,98,36.98%,26,9.81%
,,,,,,340,171,50.29%,6,1.76%
,,,,,,285,139,48.77%,22,7.72%
,,,,,,365,197,53.97%,20,5.48%
,,,,,,484,258,53.31%,30,6.20%
,,,,,,319,154,48.28%,17,5.33%
,,,,,,387,150,38.76%,43,11.11%
,,,,,,292,103,35.27%,19,6.51%
,,,,,,289,112,38.75%,19,6.57%
,,,,,,262,117,44.66%,24,9.16%
,,,,,,287,117,40.77%,16,5.57%
,,,,,,169,69,40.83%,21,12.43%
,,,,,,280,143,51.07%,22,7.86%
,,,,,,280,144,51.43%,22,7.86%
,,,,,,313,69,22.04%,0,0%
,,,,,,296,122,41.22%,30,10.14%
,,,,,,376,160,42.55%,37,9.84%
,217,122,56.22%,20,9.22%,,,,,
,,,,,,430,183,42.56%,20,4.65%
,,,,,,387,141,36.43%,42,10.85%
,,,,,,155,90,58.06%,7,4.52%
,,,,,,301,126,41.86%,24,7.97%
,,,,,,300,154,51.33%,12,4%
,,,,,,299,131,43.81%,131,43.81%
,,,,,,267,118,44.19%,13,4.87%
,,,,,,308,154,50%,20,6.49%
,,,,,,349,171,49%,25,7.16%
,,,,,,351,135,38.46%,16,4.56%
,,,,,,198,95,47.98%,13,6.57%
,,,,,,303,130,42.90%,24,7.92%
,84,58,69.05%,37,44.05%,,,,,
,,,,,,247,247,100%,3,1.21%
,,,,,,248,97,39.11%,27,10.89%
,,,,,,308,71,23.05%,0,0%
,,,,,,376,154,40.96%,26,6.91%
,,,,,,256,141,55.08%,32,12.50%
,,,,,,102,46,45.10%,21,20.59%
,,,,,,319,101,31.66%,8,2.51%
,,,,,,84,35,41.67%,0,0%
,,,,,,531,141,26.55%,0,0%
,,,,,,411,153,37.23%,14,3.41%
,,,,,,590,307,52.03%,67,11.36%
,,,,,,392,274,69.90%,80,20.41%
,,,,,,477,213,44.65%,32,6.71%
,223,143,64.13%,23,10.31%,,,,,
,,,,,,275,109,39.64%,15,5.45%
,273,158,57.88%,22,8.06%,,,,,
,235,152,64.68%,17,7.23%,,,,,
,184,120,65.22%,23,12.50%,,,,,
,,,,,,233,95,40.77%,12,5.15%
,,,,,,233,128,54.94%,21,9.01%
,191,108,56.54%,15,7.85%,,,,,
,,,,,,255,116,45.49%,28,10.98%
,,,,,,305,151,49.51%,47,15.41%
,218,122,55.96%,9,4.13%,,,,,
,21,7,33.33%,2,9.52%,,,,,
,179,96,53.63%,17,9.50%,,,,,
,279,137,49.10%,10,3.58%,,,,,
,79,69,87.34%,24,30.38%,,,,,
,,,,,,298,132,44.30%,75,25.17%
,273,162,59.34%,27,9.89%,,,,,
,153,83,54.25%,39,25.49%,,,,,
,330,234,70.91%,101,30.61%,,,,,
,,,,,,365,197,53.97%,20,5.48%
,177,89,50.28%,9,5.08%,,,,,
,,,,,,197,110,55.84%,30,15.23%
,257,135,52.53%,33,12.84%,,,,,
,224,128,57.14%,39,17.41%,,,,,
,10947,7797,71.22%,1431,13.07%,,,,,
,636,415,65.25%,57,8.96%,,,,,
,,,,,,329,165,50.15%,24,7.29%
,,,,,,283,155,54.77%,18,6.36%
,167,91,54.49%,22,13.17%,,,,,
,,,,,,102,93,91.18%,17,16.67%
,,,,,,271,167,61.62%,19,7.01%
,,,,,,225,101,44.89%,30,13.33%
,,,,,,231,107,46.32%,25,10.82%
,,,,,,431,202,46.87%,30,6.96%
,,,,,,295,170,57.63%,20,6.78%
,,,,,,295,169,57.29%,19,6.44%
,,,,,,323,106,32.82%,23,7.12%
,,,,,,2514,199,7.92%,0,0%
,,,,,,67,5,7.46%,0,0%
,277,140,50.54%,30,10.83%,,,,,
,,,,,,182,157,86.26%,133,73.08%
,17330,12511,72.19%,12511,72.19%,,,,,
,6676,4393,65.80%,4393,65.80%,,,,,
,,,,,,468,315,67.31%,23,4.91%
,,,,,,61,48,78.69%,4,6.56%
,,,,,,48,47,97.92%,13,27.08%
,,,,,,48,48,100%,11,22.92%
,,,,,,48,48,100%,11,22.92%
,,,,,,11,7,63.64%,7,63.64%
,,,,,,11,7,63.64%,7,63.64%
,,,,,,252,247,98.02%,123,48.81%
,,,,,,104,103,99.04%,103,99.04%
,,,,,,60,56,93.33%,15,25%
,,,,,,447,300,67.11%,125,27.96%
,,,,,,365,73,20%,73,20%
,,,,,,362,167,46.13%,0,0%
,,,,,,362,167,46.13%,0,0%
,342,231,67.54%,0,0%,311,240,77.17%,0,0%
,,,,,,412,192,46.60%,0,0%
,193,133,68.91%,36,18.65%,,,,,
,,,,,,646,285,44.12%,0,0%
,,,,,,362,167,46.13%,0,0%
,,,,,,362,167,46.13%,0,0%
,,,,,,648,378,58.33%,0,0%
,,,,,,362,167,46.13%,0,0%
,342,231,67.54%,0,0%,311,239,76.85%,0,0%
,183,102,55.74%,0,0%,136,105,77.21%,0,0%
,183,102,55.74%,0,0%,136,105,77.21%,0,0%
,,,,,,710,307,43.24%,0,0%
,,,,,,4460,1976,44.30%,0,0%
,,,,,,362,167,46.13%,0,0%
,,,,,,648,378,58.33%,0,0%
,,,,,,360,219,60.83%,0,0%
,269,154,57.25%,154,57.25%,,,,,
,269,154,57.25%,154,57.25%,,,,,
,,,,,,480,190,39.58%,0,0%
,,,,,,389,163,41.90%,43,11.05%
,,,,,,179,176,98.32%,38,21.23%
,,,,,,179,176,98.32%,38,21.23%
,,,,,,179,176,98.32%,38,21.23%
,,,,,,179,176,98.32%,38,21.23%
,,,,,,367,299,81.47%,3,0.82%
,,,,,,2493,56,2.25%,0,0%
,,,,,,295,170,57.63%,19,6.44%
,,,,,,295,170,57.63%,19,6.44%
,,,,,,326,155,47.55%,0,0%
,,,,,,19,10,52.63%,0,0%
,,,,,,11,4,36.36%,0,0%
,,,,,,93,65,69.89%,0,0%
,,,,,,648,378,58.33%,0,0%
,,,,,,648,378,58.33%,0,0%
,,,,,,52,52,100%,0,0%
,,,,,,52,52,100%,0,0%
,,,,,,52,52,100%,0,0%
,,,,,,121,6,4.96%,0,0%
,,,,,,132,122,92.42%,122,92.42%
,,,,,,833,813,97.60%,787,94.48%
,,,,,,75,35,46.67%,17,22.67%
,,,,,,95,31,32.63%,0,0%
,,,,,,10,0,0%,0,0%
,,,,,,19752,15374,77.84%,4815,24.38%
,,,,,,948,282,29.75%,81,8.54%
,,,,,,62,62,100%,18,29.03%
,,,,,,556,484,87.05%,44,7.91%
,,,,,,16,11,68.75%,0,0%
,,,,,,802,99,12.34%,28,3.49%
,,,,,,1583,1179,74.48%,648,40.93%
,,,,,,70,70,100%,70,100%
,,,,,,65,65,100%,65,100%
,,,,,,110,60,54.55%,0,0%
,,,,,,598,598,100%,598,100%
,,,,,,102,102,100%,102,100%
,,,,,,98,98,100%,98,100%
,,,,,,116,58,50%,0,0%
,,,,,,21,19,90.48%,0,0%
,,,,,,135,135,100%,135,100%
,,,,,,51,49,96.08%,49,96.08%
,,,,,,27,26,96.30%,26,96.30%
,,,,,,12,11,91.67%,11,91.67%
,,,,,,37,37,100%,37,100%
,,,,,,67,65,97.01%,65,97.01%
,,,,,,49,48,97.96%,48,97.96%
,,,,,,61,58,95.08%,58,95.08%
,,,,,,112,110,98.21%,110,98.21%
,,,,,,110,103,93.64%,103,93.64%
,,,,,,71,71,100%,71,100%
,,,,,,45,42,93.33%,42,93.33%
,,,,,,79,77,97.47%,77,97.47%
,,,,,,91,91,100%,91,100%
,,,,,,74,74,100%,74,100%
,,,,,,98,97,98.98%,97,98.98%
,,,,,,18,16,88.89%,16,88.89%
,,,,,,8,7,87.50%,7,87.50%
,,,,,,202,200,99.01%,200,99.01%
,,,,,,27,26,96.30%,26,96.30%
,,,,,,164,163,99.39%,163,99.39%
,,,,,,37,35,94.59%,35,94.59%
,,,,,,33,28,84.85%,28,84.85%
,,,,,,27,26,96.30%,26,96.30%
,,,,,,181,171,94.48%,171,94.48%
,,,,,,19,18,94.74%,18,94.74%
,,,,,,57,43,75.44%,43,75.44%
,,,,,,31,28,90.32%,28,90.32%
,,,,,,3,2,66.67%,2,66.67%
,,,,,,31,28,90.32%,28,90.32%
,,,,,,4,4,100%,4,100%
,,,,,,8,7,87.50%,7,87.50%
,,,,,,309,308,99.68%,308,99.68%
,,,,,,203,201,99.01%,201,99.01%
,,,,,,39,37,94.87%,37,94.87%
,,,,,,52,50,96.15%,50,96.15%
,,,,,,37,36,97.30%,36,97.30%
,,,,,,90,86,95.56%,86,95.56%
,,,,,,115,115,100%,115,100%
,,,,,,115,115,100%,115,100%
,,,,,,29,13,44.83%,13,44.83%
,,,,,,8,6,75%,6,75%
,,,,,,9,4,44.44%,4,44.44%
,,,,,,4,4,100%,4,100%
,,,,,,99,92,92.93%,92,92.93%
,,,,,,30,26,86.67%,26,86.67%
,,,,,,25,24,96%,24,96%
,,,,,,54,50,92.59%,50,92.59%
,,,,,,130,128,98.46%,128,98.46%
,,,,,,130,128,98.46%,128,98.46%
,,,,,,330,321,97.27%,321,97.27%
,,,,,,105,98,93.33%,98,93.33%
,,,,,,316,314,99.37%,314,99.37%
,,,,,,16,15,93.75%,15,93.75%
,,,,,,66,59,89.39%,59,89.39%
,,,,,,49,48,97.96%,48,97.96%
,,,,,,60,56,93.33%,56,93.33%
,,,,,,91,87,95.60%,87,95.60%
,,,,,,142,141,99.30%,141,99.30%
,,,,,,109,108,99.08%,108,99.08%
,,,,,,12,8,66.67%,8,66.67%
,,,,,,17,14,82.35%,14,82.35%
,,,,,,142,141,99.30%,141,99.30%
,,,,,,3,2,66.67%,2,66.67%
,,,,,,72,66,91.67%,66,91.67%
,,,,,,5,4,80%,4,80%
,,,,,,39,36,92.31%,36,92.31%
,,,,,,70,66,94.29%,66,94.29%
,,,,,,62,53,85.48%,53,85.48%
,,,,,,536,502,93.66%,502,93.66%
,,,,,,517,444,85.88%,444,85.88%
,,,,,,19,13,68.42%,13,68.42%
,,,,,,10,9,90%,9,90%
,,,,,,374,371,99.20%,371,99.20%
,,,,,,52,50,96.15%,50,96.15%
,,,,,,6,5,83.33%,5,83.33%
,,,,,,167,166,99.40%,166,99.40%
,,,,,,64,57,89.06%,57,89.06%
,,,,,,93,91,97.85%,91,97.85%
,,,,,,140,139,99.29%,139,99.29%
,,,,,,318,310,97.48%,310,97.48%
,,,,,,221,210,95.02%,210,95.02%
,,,,,,233,167,71.67%,167,71.67%
,,,,,,154,117,75.97%,117,75.97%
,,,,,,91,61,67.03%,61,67.03%
,,,,,,47,47,100%,47,100%
,,,,,,20,17,85%,17,85%
,,,,,,22,19,86.36%,19,86.36%
,,,,,,67,55,82.09%,55,82.09%
,,,,,,47,42,89.36%,42,89.36%
,,,,,,53,41,77.36%,41,77.36%
,,,,,,319,297,93.10%,297,93.10%
,,,,,,49,41,83.67%,41,83.67%
,,,,,,7,4,57.14%,4,57.14%
,,,,,,15,14,93.33%,14,93.33%
,,,,,,186,182,97.85%,182,97.85%
,,,,,,145,134,92.41%,134,92.41%
,,,,,,74,59,79.73%,59,79.73%
,,,,,,94,94,100%,94,100%
,,,,,,97,96,98.97%,96,98.97%
,,,,,,63,61,96.83%,61,96.83%
,,,,,,68,68,100%,68,100%
,,,,,,24,22,91.67%,22,91.67%
,,,,,,56,55,98.21%,55,98.21%
,,,,,,150,150,100%,150,100%
,,,,,,153,153,100%,153,100%
,,,,,,178,175,98.31%,175,98.31%
,,,,,,25,24,96%,24,96%
,,,,,,207,207,100%,207,100%
,,,,,,213,213,100%,213,100%
,,,,,,1,1,100%,1,100%
,,,,,,78,77,98.72%,77,98.72%
,,,,,,353,344,97.45%,344,97.45%
,,,,,,21,20,95.24%,20,95.24%
,,,,,,72,68,94.44%,68,94.44%
,,,,,,269,260,96.65%,260,96.65%
,,,,,,141,138,97.87%,138,97.87%
,,,,,,207,206,99.52%,206,99.52%
,,,,,,179,172,96.09%,172,96.09%
,,,,,,274,269,98.18%,269,98.18%
,,,,,,7,6,85.71%,6,85.71%
,,,,,,1,1,100%,1,100%
,,,,,,250,248,99.20%,248,99.20%
,,,,,,115,114,99.13%,114,99.13%
,,,,,,27,25,92.59%,25,92.59%
,,,,,,20,14,70%,14,70%
,,,,,,73,63,86.30%,63,86.30%
,,,,,,76,47,61.84%,47,61.84%
,,,,,,164,159,96.95%,159,96.95%
,,,,,,9,9,100%,9,100%
,,,,,,12,12,100%,12,100%
,,,,,,36,33,91.67%,33,91.67%
,,,,,,104,104,100%,104,100%
,,,,,,266,265,99.62%,265,99.62%
,,,,,,81,76,93.83%,76,93.83%
,,,,,,78,71,91.03%,71,91.03%
,,,,,,35,18,51.43%,18,51.43%
,,,,,,72,67,93.06%,67,93.06%
,,,,,,114,112,98.25%,112,98.25%
,,,,,,264,260,98.48%,260,98.48%
,,,,,,157,154,98.09%,154,98.09%
,,,,,,74,68,91.89%,68,91.89%
,,,,,,121,120,99.17%,120,99.17%
,,,,,,61,52,85.25%,52,85.25%
,,,,,,55,47,85.45%,47,85.45%
,,,,,,473,393,83.09%,393,83.09%
,,,,,,306,293,95.75%,293,95.75%
,,,,,,131,106,80.92%,106,80.92%
,,,,,,191,183,95.81%,182,95.29%
,,,,,,15,13,86.67%,13,86.67%
,,,,,,23,21,91.30%,21,91.30%
,,,,,,44,44,100%,44,100%
,,,,,,124,117,94.35%,117,94.35%
,,,,,,124,118,95.16%,118,95.16%
,,,,,,241,230,95.44%,230,95.44%
,,,,,,135,131,97.04%,131,97.04%
,,,,,,435,392,90.11%,392,90.11%
,,,,,,79,72,91.14%,72,91.14%
,,,,,,151,148,98.01%,148,98.01%
,,,,,,15,5,33.33%,5,33.33%
,,,,,,7,3,42.86%,3,42.86%
,,,,,,5,4,80%,4,80%
,,,,,,7,3,42.86%,3,42.86%
,,,,,,20,20,100%,20,100%
,,,,,,7,3,42.86%,3,42.86%
,,,,,,30,20,66.67%,20,66.67%
,,,,,,47,34,72.34%,34,72.34%
,,,,,,27,26,96.30%,26,96.30%
,,,,,,54,53,98.15%,53,98.15%
,,,,,,50,48,96%,48,96%
,,,,,,79,77,97.47%,77,97.47%
,,,,,,151,142,94.04%,142,94.04%
,,,,,,67,61,91.04%,61,91.04%
,,,,,,25,24,96%,24,96%
,,,,,,31,31,100%,31,100%
,,,,,,6,5,83.33%,5,83.33%
,,,,,,278,256,92.09%,256,92.09%
,,,,,,94,93,98.94%,93,98.94%
,,,,,,134,63,47.01%,63,47.01%
,,,,,,9,7,77.78%,7,77.78%
,,,,,,81,80,98.77%,80,98.77%
,,,,,,55,52,94.55%,52,94.55%
,,,,,,166,163,98.19%,163,98.19%
,,,,,,80,49,61.25%,49,61.25%
,,,,,,40,16,40%,16,40%
,,,,,,30,10,33.33%,10,33.33%
,,,,,,106,43,40.57%,43,40.57%
,,,,,,20,6,30%,6,30%
,,,,,,74,38,51.35%,38,51.35%
,,,,,,129,99,76.74%,99,76.74%
,,,,,,89,62,69.66%,62,69.66%
,,,,,,112,65,58.04%,65,58.04%
,,,,,,74,37,50%,37,50%
,,,,,,84,47,55.95%,47,55.95%
,,,,,,81,44,54.32%,44,54.32%
,,,,,,84,37,44.05%,37,44.05%
,,,,,,84,37,44.05%,37,44.05%
,,,,,,13,7,53.85%,7,53.85%
,,,,,,102,102,100%,102,100%
,,,,,,152,116,76.32%,33,21.71%
,,,,,,48,48,100%,7,14.58%
,,,,,,39,38,97.44%,38,97.44%
,,,,,,39,38,97.44%,38,97.44%
,,,,,,36,33,91.67%,20,55.56%
,,,,,,263,93,35.36%,0,0%
,,,,,,263,95,36.12%,0,0%
,,,,,,75,39,52%,0,0%
,,,,,,22,8,36.36%,0,0%
,,,,,,57,4,7.02%,0,0%
,,,,,,40,24,60%,0,0%
,,,,,,20,13,65%,0,0%
,,,,,,153,57,37.25%,0,0%
,,,,,,153,57,37.25%,0,0%
,,,,,,40,24,60%,0,0%
,,,,,,258,57,22.09%,0,0%
,,,,,,40,24,60%,0,0%
,,,,,,280,68,24.29%,0,0%
,,,,,,25,15,60%,0,0%
,,,,,,57,4,7.02%,0,0%
,,,,,,20,10,50%,0,0%
,,,,,,153,57,37.25%,0,0%
,,,,,,57,2,3.51%,0,0%
,,,,,,57,2,3.51%,0,0%
,,,,,,22,8,36.36%,0,0%
,,,,,,22,8,36.36%,0,0%
,,,,,,22,8,36.36%,0,0%
,,,,,,326,68,20.86%,0,0%
,,,,,,153,57,37.25%,0,0%
,,,,,,153,57,37.25%,0,0%
,,,,,,40,24,60%,0,0%
,,,,,,47,21,44.68%,0,0%
,,,,,,258,57,22.09%,0,0%
,,,,,,280,68,24.29%,0,0%
,,,,,,320,94,29.38%,0,0%
,,,,,,280,68,24.29%,0,0%
,,,,,,40,26,65%,0,0%
,,,,,,280,68,24.29%,0,0%
,,,,,,433,124,28.64%,0,0%
,,,,,,21,18,85.71%,0,0%
,,,,,,99,58,58.59%,0,0%
,,,,,,57,2,3.51%,0,0%
,,,,,,57,2,3.51%,0,0%
,,,,,,153,57,37.25%,0,0%
,,,,,,320,92,28.75%,0,0%
,,,,,,337,75,22.26%,0,0%
,,,,,,153,57,37.25%,0,0%
,,,,,,337,70,20.77%,0,0%
,,,,,,57,2,3.51%,0,0%
,,,,,,75,37,49.33%,0,0%
,,,,,,22,8,36.36%,0,0%
,,,,,,22,8,36.36%,0,0%
,,,,,,22,8,36.36%,0,0%
,,,,,,22,8,36.36%,0,0%
,,,,,,57,2,3.51%,0,0%
,,,,,,78,40,51.28%,0,0%
,,,,,,11,1,9.09%,0,0%
,,,,,,153,57,37.25%,0,0%
,,,,,,337,70,20.77%,0,0%
,,,,,,337,69,20.47%,0,0%
,,,,,,57,2,3.51%,0,0%
,,,,,,424,128,30.19%,0,0%
,,,,,,424,124,29.25%,0,0%
,,,,,,19,10,52.63%,0,0%
,,,,,,96,55,57.29%,0,0%
,,,,,,153,57,37.25%,0,0%
,,,,,,47,21,44.68%,0,0%
,,,,,,20,13,65%,0,0%
,,,,,,40,24,60%,0,0%
,,,,,,153,57,37.25%,0,0%
,,,,,,153,57,37.25%,0,0%
,,,,,,37,9,24.32%,0,0%
,,,,,,40,24,60%,0,0%
,,,,,,96,55,57.29%,0,0%
,,,,,,57,2,3.51%,0,0%
,,,,,,57,2,3.51%,0,0%
,,,,,,37,10,27.03%,0,0%
,,,,,,22,8,36.36%,0,0%
,,,,,,57,4,7.02%,0,0%
,,,,,,40,24,60%,0,0%
,,,,,,20,13,65%,0,0%
,,,,,,153,57,37.25%,0,0%
,,,,,,153,57,37.25%,0,0%
,,,,,,40,24,60%,0,0%
,,,,,,258,57,22.09%,0,0%
,,,,,,40,24,60%,0,0%
,,,,,,280,68,24.29%,0,0%
,,,,,,25,15,60%,0,0%
,,,,,,57,4,7.02%,0,0%
,,,,,,20,10,50%,0,0%
,,,,,,153,57,37.25%,0,0%
,,,,,,57,2,3.51%,0,0%
,,,,,,57,2,3.51%,0,0%
,,,,,,22,8,36.36%,0,0%
,,,,,,22,8,36.36%,0,0%
,,,,,,22,8,36.36%,0,0%
,,,,,,337,69,20.47%,0,0%
,,,,,,153,57,37.25%,0,0%
,,,,,,153,57,37.25%,0,0%
,,,,,,40,24,60%,0,0%
,,,,,,47,21,44.68%,0,0%
,,,,,,280,68,24.29%,0,0%
,,,,,,320,94,29.38%,0,0%
,,,,,,280,68,24.29%,0,0%
,,,,,,40,26,65%,0,0%
,,,,,,280,68,24.29%,0,0%
,,,,,,433,124,28.64%,0,0%
,,,,,,15,12,80%,0,0%
,,,,,,99,58,58.59%,0,0%
,,,,,,57,2,3.51%,0,0%
,,,,,,57,2,3.51%,0,0%
,,,,,,153,57,37.25%,0,0%
,,,,,,320,92,28.75%,0,0%
,,,,,,337,77,22.85%,0,0%
,,,,,,153,57,37.25%,0,0%
,,,,,,337,70,20.77%,0,0%
,,,,,,57,2,3.51%,0,0%
,,,,,,75,37,49.33%,0,0%
,,,,,,22,8,36.36%,0,0%
,,,,,,22,8,36.36%,0,0%
,,,,,,57,2,3.51%,0,0%
,,,,,,78,40,51.28%,0,0%
,,,,,,11,1,9.09%,0,0%
,,,,,,153,57,37.25%,0,0%
,,,,,,337,70,20.77%,0,0%
,,,,,,337,69,20.47%,0,0%
,,,,,,57,2,3.51%,0,0%
,,,,,,19,9,47.37%,0,0%
,,,,,,96,55,57.29%,0,0%
,,,,,,153,57,37.25%,0,0%
,,,,,,47,21,44.68%,0,0%
,,,,,,20,13,65%,0,0%
,,,,,,40,24,60%,0,0%
,,,,,,153,57,37.25%,0,0%
,,,,,,153,57,37.25%,0,0%
,,,,,,40,24,60%,0,0%
,,,,,,96,55,57.29%,0,0%
,,,,,,57,2,3.51%,0,0%
,,,,,,57,2,3.51%,0,0%
,,,,,,96,55,57.29%,0,0%
,,,,,,315,59,18.73%,0,0%
,,,,,,1429,43,3.01%,0,0%
,,,,,,96,55,57.29%,0,0%
,,,,,,315,59,18.73%,0,0%
,,,,,,424,121,28.54%,0,0%
,,,,,,19,10,52.63%,0,0%
,,,,,,424,121,28.54%,0,0%
,,,,,,258,57,22.09%,0,0%
,,,,,,1112,1109,99.73%,1083,97.39%
,,,,,,1137,1137,100%,124,10.91%
,,,,,,41,33,80.49%,30,73.17%
,,,,,,41,41,100%,2,4.88%
,,,,,,75,72,96%,28,37.33%
,,,,,,75,73,97.33%,29,38.67%
,,,,,,75,72,96%,29,38.67%
,,,,,,42,34,80.95%,13,30.95%
,,,,,,41,33,80.49%,26,63.41%
,,,,,,41,33,80.49%,26,63.41%
,,,,,,76,57,75%,57,75%
,,,,,,93,75,80.65%,6,6.45%
,,,,,,92,76,82.61%,24,26.09%
,,,,,,1271,776,61.05%,343,26.99%
,,,,,,85,31,36.47%,23,27.06%
,,,,,,127,2,1.57%,2,1.57%
,,,,,,1719,1377,80.10%,0,0%
,,,,,,1006,188,18.69%,164,16.30%
,,,,,,3264,1504,46.08%,770,23.59%
,,,,,,208,31,14.90%,0,0%
,,,,,,11048,5214,47.19%,0,0%
,,,,,,2184,1558,71.34%,0,0%
,,,,,,215,99,46.05%,0,0%
,,,,,,71,70,98.59%,0,0%
,,,,,,10,8,80%,0,0%
,,,,,,71,70,98.59%,0,0%
,,,,,,1,0,0%,0,0%
,,,,,,71,70,98.59%,0,0%
,,,,,,72,65,90.28%,0,0%
,,,,,,71,70,98.59%,0,0%
,,,,,,71,70,98.59%,0,0%
,,,,,,71,70,98.59%,0,0%
,,,,,,75,73,97.33%,24,32%
,,,,,,48,46,95.83%,13,27.08%
,,,,,,27,27,100%,5,18.52%
,,,,,,16,16,100%,3,18.75%
,,,,,,22722,14799,65.13%,998,4.39%
,,,,,,22722,14786,65.07%,989,4.35%
,,,,,,832,229,27.52%,80,9.62%
,,,,,,1136,691,60.83%,557,49.03%
,,,,,,813,365,44.90%,0,0%
,,,,,,174,101,58.05%,0,0%
,,,,,,70,64,91.43%,0,0%
,,,,,,215,97,45.12%,0,0%
,,,,,,81,72,88.89%,0,0%
,,,,,,81,72,88.89%,0,0%
,,,,,,349,349,100%,316,90.54%
,,,,,,215,99,46.05%,0,0%
,,,,,,215,99,46.05%,0,0%
,,,,,,81,72,88.89%,0,0%
,,,,,,215,97,45.12%,0,0%
,,,,,,1,0,0%,0,0%
,,,,,,208,52,25%,0,0%
,,,,,,208,53,25.48%,0,0%
,,,,,,215,98,45.58%,0,0%
,,,,,,81,72,88.89%,0,0%
,,,,,,81,72,88.89%,0,0%
,,,,,,215,97,45.12%,0,0%
,,,,,,61,57,93.44%,0,0%
,,,,,,1,1,100%,0,0%
,,,,,,344,344,100%,323,93.90%
,,,,,,160,81,50.63%,35,21.88%
,,,,,,11670,6600,56.56%,0,0%
,,,,,,227,70,30.84%,41,18.06%
,,,,,,1780,1415,79.49%,0,0%
,,,,,,442,223,50.45%,150,33.94%
,,,,,,180,78,43.33%,25,13.89%
,,,,,,50,38,76%,24,48%
,,,,,,30,24,80%,4,13.33%
,,,,,,36,33,91.67%,23,63.89%
,,,,,,1307,1195,91.43%,71,5.43%
,,,,,,74,65,87.84%,0,0%
,,,,,,36,23,63.89%,0,0%
,,,,,,36,23,63.89%,0,0%
,,,,,,74,65,87.84%,0,0%
,,,,,,74,65,87.84%,0,0%
,,,,,,4,4,100%,0,0%
,,,,,,4,4,100%,0,0%
,,,,,,42,26,61.90%,0,0%
,,,,,,109,87,79.82%,0,0%
,,,,,,74,65,87.84%,0,0%
,,,,,,1,1,100%,0,0%
,,,,,,32,19,59.38%,0,0%
,,,,,,77,68,88.31%,0,0%
,,,,,,767,538,70.14%,0,0%
,,,,,,587,292,49.74%,19,3.24%
,,,,,,290,290,100%,0,0%
,,,,,,601,307,51.08%,256,42.60%
,,,,,,223,207,92.83%,207,92.83%
,,,,,,377,375,99.47%,375,99.47%
,,,,,,132,127,96.21%,127,96.21%
,,,,,,34,29,85.29%,29,85.29%
,,,,,,8,7,87.50%,7,87.50%
,,,,,,211,207,98.10%,207,98.10%
,,,,,,261,255,97.70%,255,97.70%
,,,,,,260,255,98.08%,255,98.08%
,,,,,,5738,5606,97.70%,5606,97.70%
,,,,,,283,279,98.59%,279,98.59%
,,,,,,45,43,95.56%,43,95.56%
,,,,,,5,3,60%,3,60%
,,,,,,31,22,70.97%,22,70.97%
,,,,,,14,13,92.86%,13,92.86%
,,,,,,129,128,99.22%,128,99.22%
,,,,,,45,35,77.78%,35,77.78%
,,,,,,42,42,100%,42,100%
,,,,,,151,144,95.36%,144,95.36%
,,,,,,87,71,81.61%,71,81.61%
,,,,,,17,16,94.12%,16,94.12%
,,,,,,4,3,75%,3,75%
,,,,,,2203,2143,97.28%,2143,97.28%
,,,,,,49,41,83.67%,39,79.59%
,,,,,,82,75,91.46%,75,91.46%
,,,,,,133,132,99.25%,132,99.25%
,,,,,,5426,5284,97.38%,5284,97.38%
,,,,,,784,708,90.31%,708,90.31%
,,,,,,101,94,93.07%,94,93.07%
,,,,,,4386,4220,96.22%,4220,96.22%
,,,,,,405,383,94.57%,383,94.57%
,,,,,,25,20,80%,20,80%
,,,,,,40,36,90%,36,90%
,,,,,,196,179,91.33%,179,91.33%
,,,,,,1034,991,95.84%,991,95.84%
,,,,,,720,586,81.39%,586,81.39%
,,,,,,1622,1537,94.76%,1537,94.76%
,,,,,,211,193,91.47%,193,91.47%
,,,,,,49,44,89.80%,44,89.80%
,,,,,,19,17,89.47%,17,89.47%
,,,,,,16,9,56.25%,9,56.25%
,,,,,,1296,1221,94.21%,1211,93.44%
,,,,,,49,44,89.80%,44,89.80%
,,,,,,198,181,91.41%,181,91.41%
,,,,,,121,57,47.11%,57,47.11%
,,,,,,1662,1472,88.57%,1472,88.57%
,,,,,,15,12,80%,12,80%
,,,,,,1389,1258,90.57%,1258,90.57%
,,,,,,234,209,89.32%,209,89.32%
,,,,,,39,32,82.05%,32,82.05%
,,,,,,127,118,92.91%,118,92.91%
,,,,,,178,157,88.20%,157,88.20%
,,,,,,113,98,86.73%,98,86.73%
,,,,,,166,152,91.57%,152,91.57%
,,,,,,309,252,81.55%,252,81.55%
,,,,,,666,660,99.10%,660,99.10%
,,,,,,630,618,98.10%,618,98.10%
,,,,,,328,320,97.56%,320,97.56%
,,,,,,82,82,100%,82,100%
,,,,,,1910,1752,91.73%,1752,91.73%
,,,,,,1959,1959,100%,1959,100%
,,,,,,1408,1280,90.91%,1280,90.91%
,,,,,,279,236,84.59%,236,84.59%
,,,,,,125,85,68%,85,68%
,,,,,,37,0,0%,0,0%
,,,,,,63,57,90.48%,57,90.48%
,,,,,,56,53,94.64%,53,94.64%
,,,,,,181,110,60.77%,110,60.77%
,,,,,,109,79,72.48%,79,72.48%
,,,,,,289,264,91.35%,264,91.35%
,,,,,,215,164,76.28%,164,76.28%
,,,,,,7921,4258,53.76%,4258,53.76%
,,,,,,534,469,87.83%,469,87.83%
,,,,,,14,10,71.43%,10,71.43%
,,,,,,14,9,64.29%,9,64.29%
,,,,,,534,533,99.81%,533,99.81%
,,,,,,27,22,81.48%,22,81.48%
,,,,,,58,45,77.59%,45,77.59%
,,,,,,172,84,48.84%,84,48.84%
,,,,,,226,187,82.74%,187,82.74%
,,,,,,2025,1612,79.60%,1612,79.60%
,,,,,,1829,1175,64.24%,1154,63.09%
,,,,,,10,10,100%,10,100%
,,,,,,195,0,0%,0,0%
,,,,,,238,237,99.58%,0,0%
,,,,,,95,0,0%,0,0%
,,,,,,2477,1815,73.27%,0,0%
,,,,,,166,153,92.17%,102,61.45%
,,,,,,48,47,97.92%,13,27.08%
,,,,,,513,435,84.80%,0,0%
,,,,,,102,61,59.80%,0,0%
,,,,,,253,137,54.15%,2,0.79%
Total for All records,97979,67959,69.36%,30155,30.78%,328498,205375,62.52%,91546,27.87%
